               epoch,      train/box_loss,      train/obj_loss,      train/cls_loss,   metrics/precision,      metrics/recall,     metrics/mAP_0.5,metrics/mAP_0.5:0.95,        val/box_loss,        val/obj_loss,        val/cls_loss,               x/lr0,               x/lr1,               x/lr2
                   0,            0.038615,            0.015655,             0.14953,           0.0018954,             0.12241,           0.0027878,           0.0020333,             0.02124,            0.004556,             0.11949,           0.0033306,           0.0033306,            0.070025
                   1,            0.032541,            0.012393,             0.14489,           0.0034856,             0.18145,           0.0050175,           0.0036126,            0.020979,           0.0048983,             0.11652,           0.0066638,           0.0066638,            0.040025
                   2,            0.034097,             0.01302,             0.14131,             0.19268,             0.17852,             0.01068,           0.0074295,            0.022922,           0.0056583,             0.11154,           0.0099963,           0.0099963,            0.010024
                   3,            0.035264,            0.013288,             0.13515,             0.20421,              0.3278,            0.020797,            0.015117,            0.021248,           0.0049155,             0.10526,           0.0099978,           0.0099978,           0.0099978
                   4,            0.033766,            0.012702,             0.12913,             0.60676,             0.16628,            0.036254,             0.02693,            0.019506,           0.0045525,            0.099815,           0.0099978,           0.0099978,           0.0099978
                   5,            0.033276,            0.012345,             0.12419,             0.61388,             0.14524,            0.062747,            0.047617,            0.019336,           0.0044395,            0.094998,           0.0099961,           0.0099961,           0.0099961
                   6,            0.032829,            0.012298,             0.12005,             0.47878,             0.23273,            0.093775,            0.073464,            0.019005,           0.0042994,            0.090653,           0.0099938,           0.0099938,           0.0099938
                   7,            0.032799,            0.012176,             0.11585,             0.31352,             0.37923,             0.13712,             0.10717,            0.018501,           0.0042298,            0.085724,           0.0099911,           0.0099911,           0.0099911
                   8,            0.032823,            0.012023,             0.11205,             0.40402,             0.34481,              0.1893,             0.14665,            0.018166,           0.0041876,            0.080881,           0.0099879,           0.0099879,           0.0099879
                   9,            0.033179,             0.01204,             0.10923,             0.39189,             0.39954,             0.24529,             0.19091,            0.018402,           0.0041153,            0.076416,           0.0099842,           0.0099842,           0.0099842
                  10,            0.033086,            0.011995,             0.10562,             0.41974,             0.40374,             0.29791,             0.23412,            0.018019,           0.0041167,            0.073347,             0.00998,             0.00998,             0.00998
                  11,            0.033396,            0.012001,             0.10273,             0.45445,             0.41969,             0.34094,             0.26636,            0.017935,           0.0040331,            0.069617,           0.0099753,           0.0099753,           0.0099753
                  12,            0.033518,            0.012031,              0.1003,             0.51559,             0.41443,             0.39439,             0.31104,            0.017648,           0.0040157,            0.066188,           0.0099702,           0.0099702,           0.0099702
                  13,              0.0338,            0.011895,            0.097901,             0.51954,             0.45646,             0.44186,             0.34971,            0.017335,           0.0039831,            0.062933,           0.0099645,           0.0099645,           0.0099645
                  14,            0.034488,            0.011963,             0.09655,             0.50545,             0.49235,             0.47525,             0.37468,            0.017321,           0.0039926,            0.060576,           0.0099584,           0.0099584,           0.0099584
                  15,            0.034592,            0.012038,            0.094909,             0.55713,              0.4972,             0.50747,             0.39918,            0.017114,            0.003973,            0.058686,           0.0099517,           0.0099517,           0.0099517
                  16,            0.034521,            0.011856,             0.09191,              0.5353,             0.54255,             0.54512,             0.43021,            0.016941,           0.0039439,            0.056088,           0.0099446,           0.0099446,           0.0099446
                  17,            0.034831,            0.011914,            0.090657,             0.56914,              0.5481,               0.568,             0.45111,            0.017008,           0.0039431,            0.054172,            0.009937,            0.009937,            0.009937
                  18,            0.035029,            0.011867,            0.089295,             0.55261,             0.57734,             0.59213,             0.46905,            0.016856,           0.0039186,            0.052746,           0.0099289,           0.0099289,           0.0099289
                  19,             0.03503,            0.011939,            0.087749,             0.57753,             0.57495,             0.61116,             0.48498,            0.016813,           0.0038972,            0.051041,           0.0099203,           0.0099203,           0.0099203
                  20,            0.035693,            0.011836,            0.086208,             0.56174,             0.60972,             0.62958,             0.49942,            0.016708,           0.0038748,             0.04975,           0.0099112,           0.0099112,           0.0099112
                  21,            0.035812,            0.011776,            0.085319,             0.54597,             0.63981,             0.64533,             0.51223,            0.016623,           0.0038589,            0.048427,           0.0099017,           0.0099017,           0.0099017
                  22,            0.035564,            0.011914,            0.084063,             0.55169,             0.64821,             0.65409,             0.51901,            0.016645,            0.003867,            0.047243,           0.0098916,           0.0098916,           0.0098916
                  23,             0.03602,            0.011836,            0.083015,             0.59994,             0.62871,             0.66534,             0.52655,            0.016647,           0.0038673,            0.046294,           0.0098811,           0.0098811,           0.0098811
                  24,            0.036221,            0.011848,            0.081789,             0.59803,             0.64809,             0.67388,             0.53361,            0.016686,           0.0038664,            0.045599,           0.0098701,           0.0098701,           0.0098701
                  25,            0.036077,            0.011877,            0.081816,             0.64323,             0.62192,             0.67811,             0.53703,            0.016683,           0.0038579,             0.04524,           0.0098586,           0.0098586,           0.0098586
                  26,            0.035947,            0.011876,            0.080561,             0.64553,             0.62964,             0.68588,             0.54303,            0.016645,           0.0038519,            0.044735,           0.0098467,           0.0098467,           0.0098467
                  27,            0.036069,            0.011856,            0.080188,             0.63763,             0.64592,             0.69272,             0.54984,            0.016627,           0.0038484,            0.044244,           0.0098342,           0.0098342,           0.0098342
                  28,            0.036498,            0.011843,            0.079714,             0.64548,               0.645,             0.69728,             0.55366,            0.016526,           0.0038461,            0.043826,           0.0098213,           0.0098213,           0.0098213
                  29,            0.036427,            0.011878,            0.078725,             0.65307,             0.64509,             0.70306,              0.5598,            0.016516,           0.0038453,            0.043395,           0.0098079,           0.0098079,           0.0098079
                  30,             0.03637,             0.01189,            0.078444,             0.66314,              0.6444,             0.70847,             0.56403,            0.016511,           0.0038395,            0.043063,           0.0097941,           0.0097941,           0.0097941
                  31,            0.036331,            0.011891,            0.077568,             0.62668,             0.67891,             0.71366,             0.56874,            0.016496,           0.0038338,            0.042724,           0.0097798,           0.0097798,           0.0097798
                  32,            0.036904,             0.01182,            0.076904,             0.63989,             0.67576,             0.71776,              0.5715,            0.016497,           0.0038299,            0.042396,            0.009765,            0.009765,            0.009765
                  33,            0.037003,            0.011777,            0.076355,             0.61771,              0.6987,             0.72236,              0.5748,            0.016495,           0.0038279,            0.042081,           0.0097497,           0.0097497,           0.0097497
                  34,            0.037048,            0.011789,            0.076776,             0.60384,              0.7167,             0.72586,             0.57832,            0.016501,           0.0038256,            0.041786,            0.009734,            0.009734,            0.009734
                  35,            0.037126,            0.011855,            0.075075,             0.61696,             0.71151,             0.72971,             0.58131,            0.016511,           0.0038239,            0.041513,           0.0097178,           0.0097178,           0.0097178
                  36,             0.03722,            0.011828,            0.074978,             0.62921,             0.70868,             0.73306,             0.58382,            0.016513,           0.0038223,            0.041249,           0.0097011,           0.0097011,           0.0097011
                  37,            0.036829,            0.011823,            0.074758,              0.6392,             0.70724,             0.73628,             0.58685,            0.016526,           0.0038229,            0.041007,            0.009684,            0.009684,            0.009684
                  38,            0.037038,            0.011833,            0.074332,              0.6389,             0.71377,             0.74061,             0.59027,            0.016537,           0.0038235,            0.040779,           0.0096664,           0.0096664,           0.0096664
                  39,            0.037158,            0.011811,            0.072747,             0.64989,             0.71242,             0.74447,             0.59377,            0.016554,           0.0038218,            0.040517,           0.0096484,           0.0096484,           0.0096484
                  40,            0.037143,            0.011843,            0.073001,             0.63513,             0.72842,             0.74541,             0.59448,            0.016547,           0.0038203,            0.040296,           0.0096299,           0.0096299,           0.0096299
                  41,            0.037286,            0.011689,            0.072663,             0.64464,             0.72696,             0.74728,             0.59622,             0.01655,           0.0038185,            0.040094,            0.009611,            0.009611,            0.009611
                  42,            0.037367,            0.011752,            0.071931,             0.65119,              0.7271,             0.75045,              0.5988,            0.016532,           0.0038165,            0.039852,           0.0095916,           0.0095916,           0.0095916
                  43,            0.037096,            0.011798,            0.071814,             0.65727,             0.72554,              0.7535,             0.60126,            0.016534,           0.0038149,            0.039579,           0.0095717,           0.0095717,           0.0095717
                  44,            0.037375,            0.011804,            0.072189,             0.65537,             0.73149,             0.75806,             0.60512,            0.016535,           0.0038122,             0.03935,           0.0095514,           0.0095514,           0.0095514
                  45,            0.037085,            0.011824,            0.072234,             0.66039,             0.73176,             0.76082,             0.60693,            0.016536,           0.0038112,            0.039149,           0.0095307,           0.0095307,           0.0095307
                  46,            0.037608,            0.011742,            0.070828,             0.66932,             0.73034,             0.76335,             0.60884,             0.01654,           0.0038098,            0.038913,           0.0095095,           0.0095095,           0.0095095
                  47,            0.037459,            0.011772,            0.071617,             0.67698,             0.72915,             0.76602,             0.61084,            0.016561,           0.0038102,            0.038671,           0.0094879,           0.0094879,           0.0094879
                  48,            0.037239,            0.011801,            0.070874,             0.68361,             0.73207,             0.76912,             0.61319,            0.016569,           0.0038109,            0.038395,           0.0094659,           0.0094659,           0.0094659
                  49,            0.037432,            0.011823,            0.070974,             0.66787,             0.74474,             0.77094,             0.61508,            0.016604,           0.0038115,            0.038164,           0.0094434,           0.0094434,           0.0094434
                  50,            0.037545,             0.01176,            0.070829,             0.67599,             0.74252,             0.77421,             0.61689,            0.016633,           0.0038113,            0.037962,           0.0094205,           0.0094205,           0.0094205
                  51,            0.037753,             0.01174,            0.069551,             0.68156,             0.74022,             0.77699,             0.61947,            0.016646,           0.0038107,             0.03773,           0.0093971,           0.0093971,           0.0093971
                  52,            0.037296,             0.01175,            0.069651,             0.69009,              0.7405,             0.77986,             0.62226,            0.016659,           0.0038108,            0.037484,           0.0093733,           0.0093733,           0.0093733
                  53,            0.037503,            0.011737,            0.068542,             0.70344,             0.73469,             0.78284,             0.62415,            0.016667,           0.0038111,            0.037235,           0.0093491,           0.0093491,           0.0093491
                  54,            0.037814,             0.01173,            0.068391,             0.71827,             0.73025,             0.78552,              0.6268,            0.016664,           0.0038114,            0.036987,           0.0093245,           0.0093245,           0.0093245
                  55,            0.037492,            0.011827,            0.068064,             0.70347,             0.74024,             0.78769,             0.62853,            0.016679,           0.0038118,            0.036775,           0.0092995,           0.0092995,           0.0092995
                  56,              0.0376,            0.011641,            0.068387,             0.67974,             0.76621,             0.78989,             0.62995,            0.016695,           0.0038122,            0.036542,            0.009274,            0.009274,            0.009274
                  57,            0.037414,            0.011749,            0.068478,             0.67444,             0.77779,             0.79224,             0.63165,            0.016733,           0.0038121,            0.036279,           0.0092481,           0.0092481,           0.0092481
                  58,            0.037651,            0.011741,              0.0682,             0.68849,             0.77154,             0.79451,             0.63352,            0.016755,           0.0038133,             0.03604,           0.0092219,           0.0092219,           0.0092219
                  59,            0.037839,            0.011753,            0.067781,             0.70205,             0.76392,              0.7979,             0.63596,             0.01679,           0.0038147,            0.035785,           0.0091952,           0.0091952,           0.0091952
                  60,            0.037572,            0.011718,            0.067604,             0.70148,             0.76858,             0.79967,             0.63707,            0.016796,            0.003815,            0.035573,           0.0091681,           0.0091681,           0.0091681
                  61,            0.037879,            0.011687,            0.066993,             0.69842,             0.77638,             0.80348,              0.6403,            0.016828,           0.0038141,            0.035342,           0.0091406,           0.0091406,           0.0091406
                  62,            0.037692,            0.011718,            0.067086,             0.71228,             0.76872,             0.80448,             0.64107,            0.016864,           0.0038139,            0.035157,           0.0091127,           0.0091127,           0.0091127
                  63,            0.037618,            0.011705,            0.067249,             0.70564,             0.77541,             0.80624,             0.64218,            0.016891,           0.0038116,            0.034929,           0.0090844,           0.0090844,           0.0090844
                  64,            0.037564,            0.011729,            0.066816,             0.71209,             0.77137,             0.80847,             0.64434,            0.016896,           0.0038104,            0.034663,           0.0090557,           0.0090557,           0.0090557
                  65,            0.038037,            0.011712,            0.066876,             0.72252,             0.76916,             0.81057,             0.64621,            0.016938,           0.0038103,            0.034407,           0.0090266,           0.0090266,           0.0090266
                  66,            0.037959,             0.01175,            0.067406,             0.71774,             0.77554,             0.81355,             0.64815,            0.016974,           0.0038109,            0.034186,           0.0089972,           0.0089972,           0.0089972
                  67,             0.03785,             0.01176,            0.066377,             0.73799,             0.76551,             0.81524,             0.65021,            0.016994,           0.0038111,            0.033933,           0.0089673,           0.0089673,           0.0089673
                  68,            0.037523,            0.011692,             0.06592,             0.73657,             0.76747,             0.81664,              0.6514,            0.016999,           0.0038116,            0.033723,           0.0089371,           0.0089371,           0.0089371
                  69,            0.038095,            0.011735,            0.065721,             0.73252,             0.77347,             0.81915,             0.65333,            0.017029,           0.0038119,            0.033538,           0.0089065,           0.0089065,           0.0089065
                  70,            0.037779,            0.011803,             0.06565,             0.73299,             0.77626,             0.82036,             0.65391,            0.017062,           0.0038124,            0.033359,           0.0088755,           0.0088755,           0.0088755
                  71,            0.037597,            0.011677,            0.065517,             0.74553,             0.77316,             0.82195,             0.65472,            0.017075,           0.0038121,            0.033149,           0.0088442,           0.0088442,           0.0088442
                  72,            0.038098,            0.011818,            0.066165,             0.73736,             0.77999,             0.82368,             0.65575,            0.017103,           0.0038116,            0.032986,           0.0088124,           0.0088124,           0.0088124
                  73,            0.037869,            0.011773,            0.066086,             0.70776,             0.80814,             0.82432,              0.6563,            0.017122,           0.0038117,            0.032802,           0.0087804,           0.0087804,           0.0087804
                  74,            0.037967,            0.011614,            0.064688,             0.72706,             0.79192,             0.82494,             0.65653,            0.017153,           0.0038116,             0.03261,           0.0087479,           0.0087479,           0.0087479
                  75,            0.037767,            0.011776,            0.065049,             0.74003,             0.78311,             0.82562,              0.6578,             0.01717,            0.003811,            0.032406,           0.0087151,           0.0087151,           0.0087151
                  76,            0.037731,            0.011648,            0.064633,             0.72278,             0.80161,             0.82699,              0.6592,            0.017189,           0.0038111,            0.032244,            0.008682,            0.008682,            0.008682
                  77,             0.03795,            0.011625,            0.064237,             0.72178,             0.80596,             0.82808,             0.66016,            0.017191,            0.003809,            0.032093,           0.0086485,           0.0086485,           0.0086485
                  78,              0.0375,            0.011607,            0.063496,             0.72373,             0.80436,             0.82906,             0.66118,            0.017174,           0.0038089,            0.031945,           0.0086146,           0.0086146,           0.0086146
                  79,            0.037474,             0.01167,            0.063948,             0.72409,              0.8058,             0.83038,             0.66202,             0.01717,           0.0038075,            0.031787,           0.0085805,           0.0085805,           0.0085805
                  80,            0.038165,            0.011733,            0.064582,             0.73652,             0.79778,             0.83212,             0.66321,            0.017166,           0.0038071,            0.031579,           0.0085459,           0.0085459,           0.0085459
                  81,            0.037746,            0.011672,            0.064117,             0.73112,             0.80801,             0.83461,             0.66508,            0.017186,           0.0038081,            0.031387,           0.0085111,           0.0085111,           0.0085111
                  82,            0.037802,            0.011537,            0.063391,             0.74003,             0.80636,              0.8372,             0.66746,            0.017168,           0.0038082,            0.031156,           0.0084759,           0.0084759,           0.0084759
                  83,            0.037546,             0.01166,            0.062575,             0.74078,             0.81099,             0.83856,             0.66905,            0.017172,           0.0038069,            0.030939,           0.0084404,           0.0084404,           0.0084404
                  84,            0.037666,            0.011619,            0.063181,             0.74314,              0.8102,             0.84015,             0.67024,            0.017177,           0.0038058,             0.03077,           0.0084046,           0.0084046,           0.0084046
                  85,            0.037799,             0.01169,            0.063682,             0.74035,             0.81406,             0.84084,             0.67018,            0.017194,           0.0038047,            0.030565,           0.0083684,           0.0083684,           0.0083684
                  86,            0.038065,            0.011663,            0.063475,              0.7492,             0.80936,             0.84233,             0.67167,            0.017219,           0.0038038,            0.030389,           0.0083319,           0.0083319,           0.0083319
                  87,            0.037513,            0.011695,            0.064723,             0.74853,             0.81284,             0.84366,             0.67296,             0.01722,           0.0038042,             0.03025,           0.0082952,           0.0082952,           0.0082952
                  88,            0.037847,            0.011637,            0.063103,              0.7385,             0.82132,              0.8442,             0.67264,            0.017241,           0.0038032,            0.030097,           0.0082581,           0.0082581,           0.0082581
                  89,            0.037812,            0.011663,            0.063381,             0.74475,             0.81998,             0.84548,             0.67322,            0.017278,           0.0038027,             0.02992,           0.0082207,           0.0082207,           0.0082207
                  90,            0.037954,            0.011661,            0.062738,             0.75825,             0.80814,             0.84664,             0.67378,              0.0173,           0.0038026,            0.029742,            0.008183,            0.008183,            0.008183
                  91,            0.037772,            0.011588,            0.062193,             0.74299,             0.82482,             0.84831,             0.67489,            0.017336,           0.0038038,            0.029569,            0.008145,            0.008145,            0.008145
                  92,            0.037716,            0.011587,            0.062601,             0.74402,             0.82744,             0.84828,             0.67478,            0.017375,           0.0038042,            0.029392,           0.0081068,           0.0081068,           0.0081068
                  93,            0.037597,            0.011569,            0.061718,             0.76428,              0.8115,             0.84856,             0.67594,              0.0174,            0.003804,            0.029194,           0.0080682,           0.0080682,           0.0080682
                  94,            0.037312,             0.01158,            0.061559,             0.76629,             0.81172,             0.85032,             0.67686,            0.017419,           0.0038036,            0.028992,           0.0080294,           0.0080294,           0.0080294
                  95,            0.038001,            0.011646,            0.061735,             0.76284,             0.81713,             0.84937,             0.67688,            0.017441,           0.0038042,             0.02881,           0.0079903,           0.0079903,           0.0079903
                  96,            0.037594,            0.011661,            0.061373,             0.75945,             0.81943,             0.85198,             0.67881,            0.017451,           0.0038035,            0.028652,           0.0079509,           0.0079509,           0.0079509
                  97,            0.038075,            0.011637,            0.061955,             0.76802,             0.81504,               0.853,             0.68032,             0.01747,           0.0038029,            0.028531,           0.0079112,           0.0079112,           0.0079112
                  98,            0.037588,            0.011574,            0.060948,             0.76991,             0.81561,             0.85413,             0.68098,            0.017458,           0.0038017,            0.028396,           0.0078713,           0.0078713,           0.0078713
                  99,            0.037407,            0.011554,            0.059758,             0.77621,             0.81207,             0.85538,             0.68228,            0.017466,           0.0038007,            0.028268,           0.0078311,           0.0078311,           0.0078311
                 100,            0.037421,            0.011541,            0.061109,             0.76778,              0.8203,             0.85582,             0.68314,            0.017484,           0.0038007,            0.028139,           0.0077907,           0.0077907,           0.0077907
                 101,            0.038013,             0.01156,              0.0618,             0.76705,             0.82365,             0.85798,             0.68441,            0.017522,           0.0038005,            0.028001,             0.00775,             0.00775,             0.00775
                 102,            0.037285,            0.011561,            0.060636,             0.76795,             0.82478,             0.85831,             0.68448,            0.017542,           0.0037996,            0.027902,           0.0077091,           0.0077091,           0.0077091
                 103,            0.037992,            0.011534,            0.060318,             0.76082,             0.82973,             0.85972,             0.68555,            0.017535,           0.0037987,            0.027755,           0.0076679,           0.0076679,           0.0076679
                 104,             0.03754,            0.011584,            0.061005,             0.76583,             0.82701,             0.86073,             0.68691,            0.017532,           0.0037985,            0.027614,           0.0076265,           0.0076265,           0.0076265
                 105,            0.037746,            0.011594,            0.060662,             0.77335,             0.82533,             0.86092,              0.6869,            0.017561,           0.0037989,            0.027504,           0.0075848,           0.0075848,           0.0075848
                 106,            0.037623,            0.011544,            0.060202,             0.77154,              0.8284,              0.8612,             0.68719,             0.01757,           0.0037987,            0.027395,            0.007543,            0.007543,            0.007543
                 107,            0.038015,            0.011514,            0.059716,             0.77631,             0.82441,             0.86145,             0.68772,            0.017595,           0.0037977,            0.027219,           0.0075009,           0.0075009,           0.0075009
                 108,            0.037498,            0.011564,            0.060237,             0.77484,              0.8271,              0.8624,             0.68841,            0.017576,           0.0037974,             0.02712,           0.0074585,           0.0074585,           0.0074585
                 109,             0.03763,            0.011619,             0.06011,              0.7647,             0.83615,             0.86369,             0.68951,            0.017591,           0.0037971,            0.027029,            0.007416,            0.007416,            0.007416
                 110,            0.037372,            0.011519,            0.059395,             0.76343,             0.83974,             0.86358,             0.68925,            0.017592,            0.003797,            0.026906,           0.0073733,           0.0073733,           0.0073733
                 111,            0.037307,            0.011521,            0.059442,             0.76938,             0.83679,             0.86466,             0.68995,            0.017585,           0.0037971,            0.026771,           0.0073303,           0.0073303,           0.0073303
                 112,            0.036902,            0.011541,            0.058996,             0.76286,             0.84292,             0.86447,                0.69,            0.017553,           0.0037975,            0.026677,           0.0072872,           0.0072872,           0.0072872
                 113,            0.037626,            0.011467,            0.058246,             0.77119,             0.83914,             0.86628,              0.6912,            0.017548,           0.0037967,            0.026542,           0.0072438,           0.0072438,           0.0072438
                 114,            0.037577,            0.011516,            0.058442,             0.76806,             0.84399,             0.86682,              0.6916,             0.01751,           0.0037957,            0.026371,           0.0072003,           0.0072003,           0.0072003
                 115,            0.037568,            0.011517,            0.058346,             0.78043,             0.83673,             0.86852,             0.69326,             0.01751,           0.0037959,             0.02624,           0.0071566,           0.0071566,           0.0071566
                 116,            0.037148,            0.011528,            0.058781,             0.79013,             0.82978,             0.86912,             0.69373,            0.017484,           0.0037955,            0.026162,           0.0071127,           0.0071127,           0.0071127
                 117,            0.037186,            0.011541,            0.058792,             0.78903,             0.83173,             0.86917,             0.69365,            0.017441,           0.0037966,             0.02609,           0.0070686,           0.0070686,           0.0070686
                 118,            0.037222,            0.011459,            0.058869,             0.78614,             0.83472,             0.86942,             0.69443,            0.017446,           0.0037971,            0.026048,           0.0070243,           0.0070243,           0.0070243
                 119,            0.037183,            0.011438,            0.058448,             0.77653,             0.84364,             0.87072,             0.69577,            0.017425,           0.0037976,            0.025976,           0.0069799,           0.0069799,           0.0069799
                 120,             0.03717,            0.011477,            0.057904,             0.78441,              0.8363,             0.87085,             0.69565,            0.017409,           0.0037978,             0.02591,           0.0069353,           0.0069353,           0.0069353
                 121,            0.037097,            0.011454,            0.058449,             0.78199,             0.83832,             0.87223,             0.69697,             0.01742,           0.0037967,            0.025838,           0.0068906,           0.0068906,           0.0068906
                 122,            0.037035,            0.011389,            0.057084,             0.78038,             0.84027,             0.87316,             0.69684,            0.017404,           0.0037947,            0.025716,           0.0068457,           0.0068457,           0.0068457
                 123,             0.03691,            0.011491,            0.056721,             0.78219,             0.83916,             0.87434,               0.698,            0.017396,            0.003794,            0.025593,           0.0068006,           0.0068006,           0.0068006
                 124,             0.03701,            0.011405,            0.057194,             0.78854,             0.83531,             0.87507,             0.69853,            0.017403,           0.0037942,             0.02546,           0.0067555,           0.0067555,           0.0067555
                 125,            0.036517,            0.011414,            0.057059,             0.79112,             0.83322,             0.87482,             0.69863,            0.017398,           0.0037942,            0.025337,           0.0067101,           0.0067101,           0.0067101
                 126,            0.037034,            0.011418,            0.056869,             0.78535,             0.84193,             0.87582,             0.69971,            0.017371,           0.0037933,             0.02522,           0.0066647,           0.0066647,           0.0066647
                 127,            0.037015,            0.011446,            0.056455,             0.78771,             0.84106,             0.87612,             0.69985,            0.017351,           0.0037924,            0.025079,           0.0066191,           0.0066191,           0.0066191
                 128,            0.037257,            0.011464,            0.056906,              0.7834,             0.84454,             0.87565,             0.69966,            0.017369,           0.0037924,            0.024961,           0.0065734,           0.0065734,           0.0065734
                 129,            0.036848,            0.011478,            0.057535,             0.78396,             0.84428,              0.8757,             0.69965,            0.017366,           0.0037919,            0.024896,           0.0065276,           0.0065276,           0.0065276
                 130,            0.036769,            0.011343,            0.055856,             0.78475,             0.84463,             0.87641,             0.70012,            0.017384,           0.0037914,            0.024817,           0.0064816,           0.0064816,           0.0064816
                 131,            0.036437,            0.011317,            0.053685,              0.7865,             0.84273,             0.87667,             0.70043,            0.017377,           0.0037898,            0.024692,           0.0064356,           0.0064356,           0.0064356
                 132,            0.037166,            0.011349,              0.0552,             0.78628,             0.84385,             0.87723,             0.70036,            0.017387,           0.0037893,            0.024558,           0.0063895,           0.0063895,           0.0063895
                 133,            0.036885,            0.011452,              0.0561,             0.77825,             0.85298,             0.87695,              0.7006,            0.017381,           0.0037894,            0.024505,           0.0063432,           0.0063432,           0.0063432
                 134,            0.036435,            0.011354,            0.054249,             0.77741,             0.85617,             0.87771,             0.70081,            0.017358,           0.0037881,            0.024409,           0.0062969,           0.0062969,           0.0062969
                 135,            0.036356,            0.011364,            0.054381,             0.80274,             0.83056,             0.87912,             0.70202,            0.017346,           0.0037863,            0.024323,           0.0062505,           0.0062505,           0.0062505
                 136,            0.036652,            0.011375,            0.055363,             0.80436,             0.83134,             0.87962,             0.70271,            0.017325,           0.0037847,            0.024198,            0.006204,            0.006204,            0.006204
                 137,            0.036961,            0.011415,            0.056054,             0.79577,             0.84368,             0.88089,             0.70353,            0.017326,           0.0037841,            0.024091,           0.0061574,           0.0061574,           0.0061574
                 138,            0.036307,            0.011322,            0.055323,             0.79763,             0.84146,             0.88109,             0.70378,            0.017341,           0.0037832,            0.024005,           0.0061107,           0.0061107,           0.0061107
                 139,            0.036412,            0.011469,             0.05594,             0.79918,              0.8398,             0.88168,             0.70388,            0.017351,           0.0037833,            0.023904,            0.006064,            0.006064,            0.006064
                 140,            0.036295,            0.011353,            0.054793,             0.79657,             0.84179,             0.88315,             0.70525,            0.017339,           0.0037832,            0.023806,           0.0060172,           0.0060172,           0.0060172
                 141,            0.036635,            0.011278,             0.05417,             0.79672,             0.84226,             0.88391,             0.70601,            0.017324,            0.003782,            0.023675,           0.0059704,           0.0059704,           0.0059704
                 142,             0.03678,            0.011389,            0.054576,             0.79449,             0.84616,             0.88453,             0.70677,            0.017315,           0.0037814,            0.023536,           0.0059235,           0.0059235,           0.0059235
                 143,            0.036543,            0.011314,            0.053711,             0.79981,             0.84372,             0.88533,             0.70764,            0.017278,           0.0037813,            0.023368,           0.0058766,           0.0058766,           0.0058766
                 144,             0.03617,            0.011332,            0.054481,             0.79939,             0.84502,             0.88696,             0.70871,            0.017249,           0.0037807,            0.023219,           0.0058296,           0.0058296,           0.0058296
                 145,            0.036239,            0.011289,            0.054455,             0.80032,             0.84594,             0.88625,             0.70782,            0.017263,           0.0037794,            0.023098,           0.0057826,           0.0057826,           0.0057826
                 146,            0.036282,            0.011242,            0.053102,              0.8037,             0.84361,             0.88707,             0.70836,            0.017254,           0.0037772,            0.022931,           0.0057355,           0.0057355,           0.0057355
                 147,            0.036235,            0.011283,            0.053773,             0.80522,             0.84409,             0.88763,             0.70893,            0.017255,           0.0037755,            0.022833,           0.0056884,           0.0056884,           0.0056884
                 148,            0.036147,            0.011223,            0.053414,             0.80626,             0.84514,             0.88808,             0.70914,            0.017276,           0.0037741,            0.022729,           0.0056413,           0.0056413,           0.0056413
                 149,            0.035547,            0.011252,            0.051568,             0.80759,             0.84535,             0.88898,             0.70998,            0.017264,            0.003773,            0.022595,           0.0055942,           0.0055942,           0.0055942
                 150,            0.036309,            0.011278,            0.052628,             0.81847,              0.8357,             0.89022,             0.71128,            0.017268,           0.0037716,            0.022488,           0.0055471,           0.0055471,           0.0055471
                 151,            0.036158,            0.011234,            0.052764,              0.8068,             0.84654,             0.89051,             0.71125,            0.017294,           0.0037684,            0.022422,              0.0055,              0.0055,              0.0055
                 152,             0.03598,            0.011272,            0.052854,             0.82075,             0.83311,             0.88969,             0.71107,            0.017271,           0.0037668,             0.02235,           0.0054529,           0.0054529,           0.0054529
                 153,            0.036312,            0.011266,            0.053154,             0.81923,             0.83566,             0.89187,             0.71276,            0.017288,           0.0037649,            0.022285,           0.0054058,           0.0054058,           0.0054058
                 154,            0.036119,            0.011165,            0.052163,             0.81695,             0.83975,             0.89329,             0.71327,            0.017285,           0.0037638,            0.022223,           0.0053587,           0.0053587,           0.0053587
                 155,            0.036137,            0.011216,            0.051737,              0.8244,             0.83258,             0.89378,              0.7137,            0.017267,            0.003763,            0.022102,           0.0053116,           0.0053116,           0.0053116
                 156,            0.035676,             0.01123,            0.052164,              0.8223,             0.83673,             0.89483,             0.71466,            0.017211,           0.0037614,            0.021987,           0.0052645,           0.0052645,           0.0052645
                 157,            0.035899,            0.011161,            0.052325,             0.82266,             0.83661,             0.89461,             0.71517,             0.01719,           0.0037604,            0.021893,           0.0052174,           0.0052174,           0.0052174
                 158,            0.035802,            0.011209,             0.05208,             0.81623,             0.84395,             0.89479,             0.71473,            0.017199,           0.0037596,            0.021843,           0.0051704,           0.0051704,           0.0051704
                 159,            0.035906,            0.011155,            0.052144,             0.80577,             0.85231,             0.89288,             0.71421,            0.017158,           0.0037569,            0.021735,           0.0051234,           0.0051234,           0.0051234
                 160,            0.036121,            0.011171,             0.05106,             0.81243,             0.84964,             0.89389,             0.71553,            0.017174,           0.0037547,            0.021649,           0.0050765,           0.0050765,           0.0050765
                 161,            0.035999,            0.011168,            0.051681,             0.80678,             0.85431,             0.89388,             0.71581,            0.017218,           0.0037518,            0.021545,           0.0050296,           0.0050296,           0.0050296
                 162,            0.036023,            0.011113,              0.0512,             0.81633,               0.846,              0.8947,             0.71648,            0.017227,           0.0037512,            0.021514,           0.0049828,           0.0049828,           0.0049828
                 163,            0.035901,            0.011138,            0.050512,              0.8067,             0.85743,             0.89566,             0.71721,            0.017216,           0.0037493,            0.021432,            0.004936,            0.004936,            0.004936
                 164,            0.035277,             0.01112,            0.051762,             0.82392,             0.84486,             0.89644,             0.71836,            0.017188,            0.003748,            0.021391,           0.0048893,           0.0048893,           0.0048893
                 165,            0.035395,            0.011201,            0.050916,             0.81792,             0.85024,             0.89631,             0.71812,            0.017183,            0.003746,            0.021317,           0.0048426,           0.0048426,           0.0048426
                 166,            0.035438,             0.01115,            0.051223,             0.81991,             0.84975,             0.89745,             0.71901,            0.017167,           0.0037437,            0.021231,            0.004796,            0.004796,            0.004796
                 167,            0.035319,            0.011152,            0.051101,             0.81956,             0.85074,             0.89819,             0.71994,            0.017153,           0.0037429,            0.021156,           0.0047495,           0.0047495,           0.0047495
                 168,            0.034881,            0.011119,            0.048968,             0.82145,             0.84972,             0.89963,             0.72157,            0.017114,           0.0037409,            0.021067,           0.0047031,           0.0047031,           0.0047031
                 169,            0.034849,            0.010999,            0.049188,             0.81583,              0.8543,             0.90059,             0.72341,            0.017118,           0.0037396,            0.020932,           0.0046568,           0.0046568,           0.0046568
                 170,            0.034926,            0.010998,              0.0475,             0.81993,             0.85262,             0.90133,             0.72299,            0.017116,           0.0037385,            0.020782,           0.0046105,           0.0046105,           0.0046105
                 171,            0.035202,            0.011209,            0.050416,             0.81925,             0.85514,             0.90188,             0.72344,            0.017124,           0.0037385,             0.02066,           0.0045644,           0.0045644,           0.0045644
                 172,            0.034986,            0.011122,            0.049541,             0.81723,              0.8564,              0.9022,             0.72378,            0.017115,           0.0037374,            0.020521,           0.0045184,           0.0045184,           0.0045184
                 173,            0.035065,            0.011088,            0.049099,             0.82134,             0.85289,             0.90199,             0.72383,            0.017087,           0.0037354,            0.020399,           0.0044724,           0.0044724,           0.0044724
                 174,            0.035216,            0.011075,            0.050088,             0.81153,             0.86215,             0.90244,             0.72413,            0.017086,           0.0037344,            0.020314,           0.0044266,           0.0044266,           0.0044266
                 175,            0.034527,            0.011035,            0.048912,              0.8116,              0.8625,             0.90273,              0.7244,            0.017061,           0.0037329,             0.02021,           0.0043809,           0.0043809,           0.0043809
                 176,            0.034972,            0.011028,            0.048733,             0.81791,             0.85592,             0.90186,             0.72358,            0.017057,           0.0037319,            0.020136,           0.0043353,           0.0043353,           0.0043353
                 177,            0.034842,             0.01109,             0.04852,             0.79965,             0.87574,             0.90224,             0.72386,             0.01704,           0.0037298,            0.020068,           0.0042899,           0.0042899,           0.0042899
                 178,            0.034988,            0.011018,            0.048605,             0.81041,             0.87079,             0.90281,             0.72383,            0.017023,           0.0037277,            0.019986,           0.0042445,           0.0042445,           0.0042445
                 179,            0.034451,            0.010986,            0.047315,             0.80447,             0.87506,             0.90276,             0.72394,            0.017006,           0.0037257,            0.019932,           0.0041994,           0.0041994,           0.0041994
                 180,             0.03485,             0.01096,            0.047004,             0.80207,              0.8754,             0.90264,             0.72386,            0.017011,           0.0037231,             0.01991,           0.0041543,           0.0041543,           0.0041543
                 181,            0.034517,             0.01099,            0.048494,             0.80302,             0.87563,             0.90351,             0.72548,            0.017009,           0.0037216,            0.019876,           0.0041094,           0.0041094,           0.0041094
                 182,            0.034409,            0.011021,            0.047329,             0.81625,             0.86461,             0.90465,             0.72588,            0.017012,           0.0037225,            0.019868,           0.0040647,           0.0040647,           0.0040647
                 183,            0.034854,            0.010915,            0.047234,             0.80924,             0.87104,             0.90467,             0.72611,            0.017016,           0.0037209,            0.019863,           0.0040201,           0.0040201,           0.0040201
                 184,            0.034327,            0.010917,            0.046774,             0.80537,             0.87417,             0.90504,             0.72646,            0.017013,           0.0037179,            0.019879,           0.0039757,           0.0039757,           0.0039757
                 185,            0.034474,            0.010942,            0.047603,             0.80879,             0.87507,             0.90548,             0.72739,             0.01699,           0.0037162,             0.01993,           0.0039314,           0.0039314,           0.0039314
                 186,            0.034182,            0.010969,            0.046693,              0.8086,             0.87381,             0.90639,             0.72845,             0.01701,           0.0037156,            0.019922,           0.0038873,           0.0038873,           0.0038873
                 187,            0.034314,            0.010902,              0.0469,             0.81056,             0.87289,             0.90605,             0.72845,             0.01699,           0.0037144,            0.019887,           0.0038434,           0.0038434,           0.0038434
                 188,            0.034092,            0.010947,            0.046626,             0.81208,             0.87223,             0.90631,             0.72833,            0.017019,           0.0037133,            0.019829,           0.0037997,           0.0037997,           0.0037997
                 189,            0.033932,            0.010941,             0.04593,             0.81444,             0.87365,             0.90685,             0.72855,            0.017015,           0.0037117,            0.019756,           0.0037562,           0.0037562,           0.0037562
                 190,            0.034275,            0.010849,            0.045544,             0.80511,             0.87981,              0.9069,             0.72838,             0.01701,           0.0037092,            0.019708,           0.0037128,           0.0037128,           0.0037128
                 191,            0.033918,            0.010868,            0.044659,             0.80548,             0.88197,             0.90738,             0.72888,            0.016975,           0.0037065,             0.01968,           0.0036697,           0.0036697,           0.0036697
                 192,            0.033668,            0.010918,            0.045574,             0.80686,             0.88044,             0.90806,             0.72965,            0.016974,           0.0037042,            0.019629,           0.0036267,           0.0036267,           0.0036267
                 193,            0.033943,              0.0108,            0.044714,             0.80943,             0.87993,             0.90813,             0.72996,            0.016996,           0.0037016,            0.019601,            0.003584,            0.003584,            0.003584
                 194,            0.033411,             0.01088,            0.044636,             0.80822,             0.87943,             0.90808,             0.72958,            0.016979,           0.0036988,            0.019565,           0.0035415,           0.0035415,           0.0035415
                 195,            0.033573,             0.01082,            0.045241,             0.80854,             0.87918,             0.90972,             0.73093,            0.016983,           0.0036959,             0.01952,           0.0034991,           0.0034991,           0.0034991
                 196,            0.033781,            0.010732,            0.043616,             0.82819,             0.86647,             0.91018,             0.73156,            0.016968,           0.0036929,            0.019456,            0.003457,            0.003457,            0.003457
                 197,            0.033458,            0.010818,            0.044247,             0.83276,             0.86329,             0.91065,             0.73203,            0.016928,           0.0036897,            0.019371,           0.0034152,           0.0034152,           0.0034152
                 198,            0.033152,            0.010852,            0.043985,             0.81478,             0.87868,             0.91115,              0.7326,            0.016909,           0.0036866,            0.019301,           0.0033735,           0.0033735,           0.0033735
                 199,            0.033342,            0.010717,            0.043929,             0.82418,               0.874,             0.91166,             0.73286,            0.016886,           0.0036837,            0.019272,           0.0033321,           0.0033321,           0.0033321
                 200,            0.033095,            0.010751,            0.043126,             0.82595,              0.8722,             0.91177,             0.73294,            0.016875,           0.0036808,            0.019241,           0.0032909,           0.0032909,           0.0032909
                 201,            0.032718,             0.01073,            0.043872,             0.82275,             0.87706,             0.91246,             0.73338,             0.01687,             0.00368,             0.01923,             0.00325,             0.00325,             0.00325
                 202,            0.033507,            0.010758,            0.043164,             0.82019,              0.8773,             0.91287,             0.73389,            0.016855,           0.0036778,            0.019223,           0.0032093,           0.0032093,           0.0032093
                 203,            0.033189,            0.010728,            0.043316,             0.82675,             0.87326,             0.91292,             0.73388,            0.016832,           0.0036764,            0.019211,           0.0031689,           0.0031689,           0.0031689
                 204,            0.032907,             0.01074,            0.042745,             0.82635,             0.87321,             0.91237,             0.73344,            0.016826,           0.0036742,            0.019178,           0.0031287,           0.0031287,           0.0031287
                 205,            0.032957,            0.010742,            0.043694,             0.83444,             0.86871,              0.9122,             0.73325,            0.016827,           0.0036727,            0.019175,           0.0030888,           0.0030888,           0.0030888
                 206,            0.032486,            0.010715,            0.042734,             0.83608,             0.86621,             0.91274,             0.73392,            0.016836,           0.0036712,            0.019138,           0.0030491,           0.0030491,           0.0030491
                 207,            0.032735,            0.010679,            0.042256,             0.83708,             0.86573,             0.91282,             0.73397,            0.016834,           0.0036699,            0.019098,           0.0030097,           0.0030097,           0.0030097
                 208,            0.032601,            0.010665,            0.041939,              0.8414,             0.86426,              0.9129,             0.73469,            0.016831,           0.0036691,            0.019071,           0.0029706,           0.0029706,           0.0029706
                 209,            0.032346,            0.010715,            0.042001,              0.8471,             0.86154,             0.91296,             0.73447,            0.016806,           0.0036679,            0.019013,           0.0029318,           0.0029318,           0.0029318
                 210,            0.032324,            0.010722,            0.041922,              0.8411,             0.86869,             0.91306,             0.73459,            0.016803,            0.003667,            0.018912,           0.0028932,           0.0028932,           0.0028932
                 211,            0.032419,            0.010653,             0.04185,             0.84574,             0.86595,             0.91362,             0.73546,            0.016779,            0.003665,            0.018851,            0.002855,            0.002855,            0.002855
                 212,            0.032424,            0.010686,            0.041795,             0.84855,             0.86418,             0.91476,              0.7368,            0.016757,            0.003662,            0.018801,            0.002817,            0.002817,            0.002817
                 213,            0.032368,            0.010631,            0.041416,             0.84994,             0.86529,             0.91548,             0.73726,            0.016727,           0.0036595,            0.018717,           0.0027793,           0.0027793,           0.0027793
                 214,            0.031915,            0.010561,            0.040397,             0.85017,             0.86505,             0.91561,             0.73802,            0.016712,           0.0036563,            0.018645,           0.0027419,           0.0027419,           0.0027419
                 215,            0.032007,            0.010563,            0.040255,             0.85202,             0.86377,             0.91572,              0.7384,            0.016707,           0.0036545,            0.018633,           0.0027048,           0.0027048,           0.0027048
                 216,             0.03169,            0.010595,            0.040664,             0.85407,             0.86063,             0.91529,             0.73774,            0.016691,           0.0036522,            0.018636,           0.0026681,           0.0026681,           0.0026681
                 217,            0.032228,            0.010597,            0.040093,             0.84653,             0.86306,             0.91474,             0.73743,            0.016695,           0.0036503,            0.018633,           0.0026316,           0.0026316,           0.0026316
                 218,            0.031894,            0.010566,            0.039769,             0.85551,              0.8565,             0.91505,             0.73828,            0.016674,           0.0036495,            0.018621,           0.0025954,           0.0025954,           0.0025954
                 219,            0.031618,            0.010593,            0.040615,             0.85129,             0.85636,             0.91507,             0.73871,            0.016648,           0.0036486,            0.018618,           0.0025596,           0.0025596,           0.0025596
                 220,            0.031505,            0.010582,            0.039903,             0.84608,             0.86118,             0.91489,             0.73881,            0.016615,           0.0036483,            0.018581,           0.0025241,           0.0025241,           0.0025241
                 221,            0.031463,            0.010541,            0.040375,             0.84686,             0.86276,             0.91494,             0.73885,            0.016602,           0.0036484,            0.018507,           0.0024889,           0.0024889,           0.0024889
                 222,            0.031208,             0.01055,            0.039384,             0.85129,             0.86149,             0.91571,              0.7391,            0.016591,           0.0036482,            0.018433,           0.0024541,           0.0024541,           0.0024541
                 223,            0.031236,            0.010548,            0.039529,             0.84706,             0.86574,              0.9158,              0.7397,            0.016559,           0.0036471,            0.018404,           0.0024195,           0.0024195,           0.0024195
                 224,            0.031363,            0.010545,            0.039621,             0.85863,             0.85722,             0.91607,             0.73951,            0.016533,           0.0036469,             0.01833,           0.0023854,           0.0023854,           0.0023854
                 225,            0.031024,            0.010474,            0.038908,             0.86115,             0.85554,             0.91561,             0.73943,            0.016503,           0.0036464,            0.018249,           0.0023515,           0.0023515,           0.0023515
                 226,            0.030891,             0.01046,            0.039061,             0.86189,             0.85711,             0.91627,             0.73965,            0.016479,           0.0036449,            0.018182,            0.002318,            0.002318,            0.002318
                 227,            0.030962,            0.010524,            0.039509,             0.86162,             0.85809,             0.91541,             0.73886,            0.016453,           0.0036442,            0.018168,           0.0022849,           0.0022849,           0.0022849
                 228,            0.030881,            0.010413,            0.038747,             0.85861,             0.86077,             0.91539,             0.73877,            0.016448,           0.0036425,            0.018131,           0.0022521,           0.0022521,           0.0022521
                 229,            0.030927,            0.010464,            0.038583,             0.85939,             0.86056,             0.91529,             0.73884,            0.016441,           0.0036408,            0.018133,           0.0022196,           0.0022196,           0.0022196
                 230,             0.03077,            0.010465,            0.038068,             0.85686,             0.86121,             0.91487,             0.73922,            0.016437,           0.0036385,            0.018169,           0.0021876,           0.0021876,           0.0021876
                 231,            0.030648,            0.010483,            0.038091,             0.84905,             0.86497,             0.91536,             0.73945,            0.016421,           0.0036372,            0.018222,           0.0021558,           0.0021558,           0.0021558
                 232,             0.03053,            0.010389,            0.037818,             0.84836,             0.86517,             0.91483,              0.7397,            0.016419,           0.0036358,             0.01824,           0.0021245,           0.0021245,           0.0021245
                 233,            0.030331,            0.010391,            0.036826,              0.8431,             0.86908,             0.91458,              0.7392,            0.016415,           0.0036345,            0.018229,           0.0020935,           0.0020935,           0.0020935
                 234,            0.030433,            0.010394,             0.03729,              0.8399,             0.87233,             0.91478,             0.73914,            0.016408,           0.0036336,            0.018233,           0.0020629,           0.0020629,           0.0020629
                 235,            0.030515,            0.010392,            0.036712,             0.86398,             0.85517,              0.9148,             0.73912,             0.01639,           0.0036335,            0.018236,           0.0020327,           0.0020327,           0.0020327
                 236,            0.030353,            0.010292,            0.036318,             0.86355,             0.85565,             0.91519,             0.73895,            0.016404,           0.0036328,            0.018255,           0.0020028,           0.0020028,           0.0020028
                 237,            0.029982,            0.010231,            0.035524,             0.86691,             0.85306,             0.91554,             0.73902,            0.016417,           0.0036318,            0.018247,           0.0019734,           0.0019734,           0.0019734
                 238,             0.02976,            0.010316,            0.036264,             0.85551,             0.86111,             0.91591,             0.73907,            0.016416,           0.0036308,            0.018235,           0.0019443,           0.0019443,           0.0019443
                 239,            0.029855,            0.010319,            0.036969,             0.86266,             0.85769,             0.91692,             0.74009,              0.0164,           0.0036297,            0.018252,           0.0019156,           0.0019156,           0.0019156
                 240,            0.030306,            0.010299,            0.036512,             0.85748,             0.86154,             0.91639,             0.74046,            0.016388,           0.0036287,             0.01825,           0.0018873,           0.0018873,           0.0018873
                 241,            0.030061,            0.010335,            0.036838,             0.85735,              0.8626,             0.91687,             0.74088,            0.016386,            0.003627,            0.018262,           0.0018594,           0.0018594,           0.0018594
                 242,            0.029196,            0.010249,            0.036049,             0.86829,             0.85329,             0.91685,             0.74113,            0.016373,           0.0036245,             0.01826,           0.0018319,           0.0018319,           0.0018319
                 243,            0.029541,            0.010297,             0.03576,             0.86735,             0.85476,             0.91661,             0.74065,            0.016359,           0.0036227,            0.018165,           0.0018048,           0.0018048,           0.0018048
                 244,            0.029725,            0.010304,            0.035054,              0.8659,             0.85626,             0.91715,             0.74084,            0.016366,           0.0036222,            0.018107,           0.0017781,           0.0017781,           0.0017781
                 245,            0.029222,            0.010219,            0.035685,             0.86382,             0.85778,             0.91699,             0.74151,            0.016359,           0.0036211,            0.018105,           0.0017519,           0.0017519,           0.0017519
                 246,            0.029088,            0.010266,            0.035666,             0.86352,             0.85802,             0.91682,             0.74126,             0.01635,           0.0036202,            0.018095,            0.001726,            0.001726,            0.001726
                 247,            0.029259,            0.010265,            0.034983,             0.86203,              0.8585,             0.91638,             0.74107,            0.016328,           0.0036204,            0.018047,           0.0017005,           0.0017005,           0.0017005
                 248,            0.029413,            0.010186,            0.034656,             0.86827,             0.85389,             0.91629,             0.74096,            0.016335,           0.0036201,            0.018054,           0.0016755,           0.0016755,           0.0016755
                 249,            0.029021,            0.010207,            0.034575,             0.86993,             0.85321,             0.91684,             0.74125,            0.016323,           0.0036193,             0.01803,           0.0016509,           0.0016509,           0.0016509
                 250,            0.028935,             0.01015,            0.034507,              0.8772,             0.84586,             0.91799,             0.74131,            0.016319,           0.0036188,            0.018017,           0.0016267,           0.0016267,           0.0016267
                 251,            0.028756,            0.010224,            0.035891,             0.87666,             0.84593,             0.91755,             0.74109,            0.016315,           0.0036183,            0.018006,           0.0016029,           0.0016029,           0.0016029
                 252,            0.028986,            0.010261,            0.035646,             0.83444,             0.88288,              0.9181,             0.74152,            0.016319,            0.003618,            0.018049,           0.0015795,           0.0015795,           0.0015795
                 253,            0.028796,            0.010137,            0.034439,             0.86143,             0.85965,             0.91798,             0.74147,            0.016327,           0.0036175,            0.018061,           0.0015566,           0.0015566,           0.0015566
                 254,            0.028587,            0.010167,            0.033803,             0.85941,             0.86044,             0.91821,             0.74154,            0.016336,           0.0036168,            0.018058,           0.0015341,           0.0015341,           0.0015341
                 255,            0.028319,            0.010121,            0.033699,             0.86929,             0.85262,             0.91848,             0.74192,            0.016312,           0.0036166,            0.017983,           0.0015121,           0.0015121,           0.0015121
                 256,            0.028491,            0.010136,            0.033993,             0.86989,             0.85291,             0.91873,             0.74164,            0.016287,           0.0036161,            0.017946,           0.0014905,           0.0014905,           0.0014905
                 257,            0.028583,            0.010075,            0.033739,             0.84247,             0.87689,             0.91905,             0.74225,            0.016273,           0.0036167,            0.017961,           0.0014693,           0.0014693,           0.0014693
                 258,            0.028293,             0.01009,            0.033439,             0.86263,             0.85998,             0.91911,              0.7423,            0.016254,           0.0036173,            0.017911,           0.0014486,           0.0014486,           0.0014486
                 259,            0.027863,            0.010079,            0.032587,             0.85056,             0.87112,             0.91926,             0.74233,            0.016234,           0.0036188,            0.017829,           0.0014283,           0.0014283,           0.0014283
                 260,            0.028383,            0.010042,            0.032538,             0.84453,              0.8764,             0.91868,             0.74184,            0.016252,           0.0036185,            0.017769,           0.0014084,           0.0014084,           0.0014084
                 261,            0.028121,            0.010032,            0.032659,             0.85362,              0.8697,             0.91913,             0.74165,            0.016275,           0.0036186,            0.017747,            0.001389,            0.001389,            0.001389
                 262,            0.028352,           0.0099939,             0.03264,             0.85497,             0.86672,             0.91789,             0.74111,            0.016306,           0.0036202,            0.017705,           0.0013701,           0.0013701,           0.0013701
                 263,            0.028097,            0.010036,            0.033119,             0.85138,             0.86957,             0.91903,             0.74179,            0.016338,           0.0036202,            0.017731,           0.0013516,           0.0013516,           0.0013516
                 264,            0.027968,            0.010081,             0.03259,             0.85342,             0.86749,             0.91896,             0.74158,            0.016351,           0.0036196,            0.017735,           0.0013336,           0.0013336,           0.0013336
                 265,            0.027547,           0.0099971,             0.03269,             0.84038,             0.88013,             0.91952,             0.74132,            0.016368,           0.0036188,            0.017723,            0.001316,            0.001316,            0.001316
                 266,            0.027791,            0.010016,            0.031954,             0.84296,             0.88002,             0.92027,             0.74164,            0.016383,           0.0036181,            0.017707,           0.0012989,           0.0012989,           0.0012989
                 267,            0.027552,           0.0099643,            0.031683,              0.8615,             0.86394,             0.92003,               0.742,            0.016397,           0.0036171,            0.017665,           0.0012822,           0.0012822,           0.0012822
                 268,            0.027618,            0.009951,            0.031112,             0.86278,             0.86165,             0.91997,             0.74258,            0.016406,            0.003616,            0.017638,            0.001266,            0.001266,            0.001266
                 269,            0.027645,           0.0099591,            0.031254,             0.86347,              0.8629,             0.92033,             0.74246,            0.016411,           0.0036149,            0.017624,           0.0012503,           0.0012503,           0.0012503
                 270,            0.027563,           0.0099814,            0.032542,             0.83321,             0.88842,             0.92069,             0.74246,            0.016411,           0.0036146,             0.01763,            0.001235,            0.001235,            0.001235
                 271,            0.027283,            0.010002,            0.031781,             0.84296,             0.88282,             0.92105,             0.74228,            0.016409,           0.0036145,            0.017607,           0.0012202,           0.0012202,           0.0012202
                 272,            0.027437,           0.0099136,            0.031202,             0.84792,             0.87972,             0.92141,             0.74229,            0.016422,           0.0036134,            0.017616,           0.0012059,           0.0012059,           0.0012059
                 273,            0.026912,           0.0099413,            0.030979,             0.85213,               0.878,             0.92156,             0.74286,             0.01643,           0.0036117,             0.01759,           0.0011921,           0.0011921,           0.0011921
                 274,            0.027196,           0.0099056,            0.031376,             0.85502,              0.8762,             0.92175,             0.74302,            0.016429,           0.0036106,            0.017542,           0.0011787,           0.0011787,           0.0011787
                 275,            0.026931,           0.0098441,             0.03097,             0.85206,              0.8766,             0.92138,             0.74318,            0.016433,           0.0036095,            0.017519,           0.0011658,           0.0011658,           0.0011658
                 276,             0.02701,           0.0098572,            0.030738,             0.84502,             0.88175,              0.9213,             0.74295,             0.01644,           0.0036083,            0.017507,           0.0011533,           0.0011533,           0.0011533
                 277,            0.027073,           0.0098563,            0.031296,             0.85571,             0.87464,             0.92149,               0.743,            0.016448,           0.0036077,            0.017476,           0.0011414,           0.0011414,           0.0011414
                 278,            0.026967,           0.0099004,            0.030388,             0.85264,             0.87903,              0.9218,             0.74342,            0.016453,           0.0036083,            0.017419,           0.0011299,           0.0011299,           0.0011299
                 279,            0.027002,           0.0098876,            0.030713,             0.85139,             0.87985,             0.92149,             0.74351,             0.01645,           0.0036093,            0.017386,           0.0011189,           0.0011189,           0.0011189
                 280,            0.027131,           0.0098494,            0.030456,             0.85622,             0.87489,             0.92183,             0.74404,            0.016442,           0.0036103,            0.017352,           0.0011084,           0.0011084,           0.0011084
                 281,            0.026767,           0.0098739,            0.030595,             0.85766,             0.87485,             0.92192,              0.7441,            0.016441,           0.0036112,            0.017307,           0.0010983,           0.0010983,           0.0010983
                 282,             0.02675,           0.0098822,            0.030535,             0.87179,             0.86387,             0.92231,              0.7443,            0.016437,           0.0036108,             0.01728,           0.0010888,           0.0010888,           0.0010888
                 283,            0.026755,           0.0098639,            0.029684,             0.87768,             0.85891,             0.92201,             0.74422,             0.01644,           0.0036106,             0.01725,           0.0010797,           0.0010797,           0.0010797
                 284,            0.026583,           0.0099133,            0.030489,             0.86989,             0.86425,              0.9215,             0.74449,             0.01644,           0.0036099,            0.017206,           0.0010711,           0.0010711,           0.0010711
                 285,            0.026495,           0.0097978,            0.030074,             0.88065,             0.85627,             0.92138,             0.74468,            0.016443,           0.0036098,            0.017197,            0.001063,            0.001063,            0.001063
                 286,            0.026445,           0.0098885,            0.030563,             0.88109,             0.85596,             0.92219,             0.74549,            0.016437,           0.0036105,            0.017168,           0.0010554,           0.0010554,           0.0010554
                 287,            0.026358,           0.0098504,            0.030019,             0.88336,             0.85426,             0.92219,             0.74551,            0.016422,            0.003611,            0.017164,           0.0010483,           0.0010483,           0.0010483
                 288,            0.026788,           0.0098369,            0.030156,             0.88301,             0.85481,              0.9221,             0.74536,            0.016411,           0.0036098,            0.017177,           0.0010416,           0.0010416,           0.0010416
                 289,            0.026538,           0.0098546,            0.030162,             0.87277,             0.86312,             0.92107,             0.74449,            0.016418,           0.0036092,            0.017164,           0.0010355,           0.0010355,           0.0010355
                 290,            0.026607,           0.0098992,            0.029995,             0.86456,             0.87025,             0.92219,             0.74536,            0.016429,           0.0036082,            0.017138,           0.0010298,           0.0010298,           0.0010298
                 291,            0.026311,           0.0098181,            0.029372,             0.87863,             0.85878,             0.92227,             0.74516,            0.016424,           0.0036077,            0.017143,           0.0010247,           0.0010247,           0.0010247
                 292,            0.026355,           0.0097849,            0.029216,             0.87412,              0.8621,             0.92216,             0.74526,            0.016423,           0.0036074,            0.017139,             0.00102,             0.00102,             0.00102
                 293,            0.026365,           0.0097788,            0.029347,             0.87792,             0.85928,             0.92215,              0.7447,             0.01641,           0.0036063,            0.017185,           0.0010158,           0.0010158,           0.0010158
                 294,            0.026447,           0.0098645,            0.030017,             0.88125,             0.85608,             0.92165,             0.74415,            0.016411,           0.0036054,             0.01721,           0.0010121,           0.0010121,           0.0010121
                 295,            0.026289,           0.0098732,            0.029865,             0.88366,             0.85609,             0.92211,              0.7438,            0.016418,           0.0036041,            0.017218,           0.0010089,           0.0010089,           0.0010089
                 296,            0.026213,           0.0098194,            0.030422,             0.88236,             0.85721,             0.92252,             0.74436,            0.016424,           0.0036033,            0.017214,           0.0010062,           0.0010062,           0.0010062
                 297,            0.026296,           0.0098018,              0.0299,             0.87705,             0.86124,             0.92241,             0.74453,            0.016424,           0.0036015,             0.01723,           0.0010039,           0.0010039,           0.0010039
                 298,            0.026588,           0.0098485,            0.030022,             0.87791,             0.85978,             0.92278,             0.74449,            0.016438,           0.0036012,            0.017201,           0.0010022,           0.0010022,           0.0010022
                 299,             0.02619,           0.0098056,             0.02919,             0.88299,             0.85502,             0.92277,             0.74436,            0.016443,           0.0036015,            0.017158,            0.001001,            0.001001,            0.001001
